url,main_title,title,description,attachment_url,published_at,created_at,last_modified_at
"https://bip.nadarzyn.pl/88,zawiadomienia-o-zwolaniu-sesji?tresc=18005#plik_20955",Zawiadomienie o zwołaniu Sesji Rady Gminy Nadarzyn,projekt_nr_(44).pdf(PDF),Załącznik do Zarządzenia Nr 49 2025 Wójta Gminy Nadarzyn z dnia 29 maja 2025 r Znak sprawy S 0640 1 2025 RAPORT O STANIE GMINY NADARZYN podsumowanie działalności Wójta Gminy Nadarzyn w 2024 r...,"https://bip.nadarzyn.pl/plik,20955,projekt-nr-44-pdf.pdf",2025-06-25,,
"https://bip.nadarzyn.pl/1047,rok-2025?tresc=17909#plik_20870",Zarządzenie Nr 49/2025,Zarządzenie Nr_49 __RAPORT_maj_2025_zal .pdf(PDF),Załącznik do Zarządzenia Nr 49 2025 Wójta Gminy Nadarzyn z dnia 29 maja 2025 r Znak sprawy S 0640 1 2025 RAPORT O STANIE GMINY NADARZYN podsumowanie działalności Wójta Gminy Nadarzyn w 2024 r...,"https://bip.nadarzyn.pl/plik,20870,zarzadzenie-nr-49-raport-maj-2025-zal-pdf.pdf",2025-05-30,,2025-05-30
"https://bip.nadarzyn.pl/556,raport-o-stanie-gminy?nobreakup#plik_20869",Raport o stanie gminy za 2024 rok,Zarządzenie Nr 49 _2025_załącznik(PDF),Załącznik do Zarządzenia Nr 49 2025 Wójta Gminy Nadarzyn z dnia 29 maja 2025 r Znak sprawy S 0640 1 2025 RAPORT O STANIE GMINY NADARZYN podsumowanie działalności Wójta Gminy Nadarzyn w 2024 r...,"https://bip.nadarzyn.pl/plik,20869,zarzadzenie-nr-49-2025-zalacznik.pdf",2025-05-30,,
"https://bip.nadarzyn.pl/994,mpzp-dla-obszarow-nr-i-ii-we-wsi-kajetany-dz-ew-245-1-do-245-8-247-1-do-247-3-247-5-oraz-247-6?nobreakup#plik_20078",Wyłożenie do publicznego wglądu projektu MPZP dla obszaru II we wsi Kajetany w Gminie Nadarzyn w dniach od 23.01.2025r. do 14.02.2025 r.,05_PrognozaOS_mpzp_Kajetany_obszar-II[wyłożenie].pdf(PDF),Wójt Gminy Nadarzyn PROGNOZA ODDZIAŁYWANIA NA ŚRODOWISKO DO PROJEKTU MIEJSCOWEGO PLANU ZAGOSPODAROWANIA PRZESTRZENNEGO DLA OBSZARU NR II WE WSIKAJETANYW GMINIE NADARZYN Etap wyłożenie do...,"https://bip.nadarzyn.pl/plik,20078,05-prognozaos-mpzp-kajetany-obszar-ii-wylozenie-pdf.pdf",2025-01-23,2025-01-23,
"https://bip.nadarzyn.pl/994,mpzp-dla-obszarow-nr-i-ii-we-wsi-kajetany-dz-ew-245-1-do-245-8-247-1-do-247-3-247-5-oraz-247-6?nobreakup#plik_20075",Wyłożenie do publicznego wglądu projektu MPZP dla obszaru II we wsi Kajetany w Gminie Nadarzyn w dniach od 23.01.2025r. do 14.02.2025 r.,01_Projekt_uchwały_mpzp_Kajetany_obszar_II[wyłożenie].pdf(PDF),Projekt miejscowego planu zagospodarowania przestrzennego dla Obszaru Nr II we wsiKajetanyw Gminie Nadarzyn ETAP wyłożenie do publicznego wglądu Uchwała Nr Rady Gminy Nadarzyn z dnia w sprawie...,"https://bip.nadarzyn.pl/plik,20075,01-projekt-uchwaly-mpzp-kajetany-obszar-ii-wylozenie-pdf.pdf",2025-01-23,2025-01-23,
"https://bip.nadarzyn.pl/73,komunikaty-i-ogloszenia?nobreakup#plik_21127",Decyzja Wójta Gminy Nadarzyn Nr 11/2025,Decyzja Wójta Gminy Nadarzyn Nr 11/2025 (ROŚ.6220.17.2024.DSZ.13)(PDF),WÓJT GMINY NADARZYN Nadarzyn dnia 25 07 2025 r ul Mszczonowska 24 05 830 Nadarzyn ROŚ 6220 17 2024 DSZ 13 DECYZJA Nr 11 2025 Na podstawie art 104 ustawy z dnia 14 czerwca 1960 r Kodeks postępowania...,"https://bip.nadarzyn.pl/plik,21127,decyzja-wojta-gminy-nadarzyn-nr-11-2025-ros-6220-17-2024-dsz-13.pdf",2025-07-25,,2025-07-29
"https://bip.nadarzyn.pl/73,komunikaty-i-ogloszenia?nobreakup#plik_21091",Obwieszczenie Wójta Gminy Nadarzyn z dnia 18.07.2025 r.,Dec. nr 10_2025 Centrum przetwarzania danych Kajetany.pdf(PDF),WÓJT GMINY NADARZYN ul Mszczonowska 24 05 830 Nadarzyn Nadarzyn dnia 18 07 2025 r ROŚ 6220 23 2024 DSZ 8 DECYZJA Nr 10 2025 Na podstawie art 104 ustawy z dnia 14 czerwca 1960 r Kodeks postępowania...,"https://bip.nadarzyn.pl/plik,21091,dec-nr-10-2025-centrum-przetwarzania-danych-kajetany-pdf.pdf",2025-07-18,,
"https://bip.nadarzyn.pl/994,mpzp-dla-obszarow-nr-i-ii-we-wsi-kajetany-dz-ew-245-1-do-245-8-247-1-do-247-3-247-5-oraz-247-6?nobreakup#pliki_4697",Wykaz uwag zgłoszonych do wyłożonego do publicznego wglądu projektu MPZP dla Obszaru Nr II we wsi Kajetany w Gminie Nadarzyn,Wykaz uwag (skan).pdf(PDF),,"https://bip.nadarzyn.pl/plik,20536,wykaz-uwag-skan-pdf.pdf",2025-03-26,,
"https://bip.nadarzyn.pl/994,mpzp-dla-obszarow-nr-i-ii-we-wsi-kajetany-dz-ew-245-1-do-245-8-247-1-do-247-3-247-5-oraz-247-6?nobreakup#pliki_4692",Protokół z dyskusji publicznej nad rozwiązaniami przyjętymi w projekcie miejscowego planu zagospodarowania przestrzennego dla Obszaru Nr II we wsi Kajetany w Gminie Nadarzyn wraz z prognozą oddziaływania na środowisko,Protokół z dyskusji publicznej obszar II.pdf(PDF),,"https://bip.nadarzyn.pl/plik,20525,protokol-z-dyskusji-publicznej-obszar-ii-pdf.pdf",2025-03-25,,
"https://bip.nadarzyn.pl/994,mpzp-dla-obszarow-nr-i-ii-we-wsi-kajetany-dz-ew-245-1-do-245-8-247-1-do-247-3-247-5-oraz-247-6?nobreakup#pliki_4598",Wyłożenie do publicznego wglądu projektu MPZP dla obszaru II we wsi Kajetany w Gminie Nadarzyn w dniach od 23.01.2025r. do 14.02.2025 r.,01_Projekt_uchwały_mpzp_Kajetany_obszar_II[wyłożenie].pdf(PDF),,"https://bip.nadarzyn.pl/plik,20075,01-projekt-uchwaly-mpzp-kajetany-obszar-ii-wylozenie-pdf.pdf",2025-01-23,2025-01-23,
"https://bip.nadarzyn.pl/994,mpzp-dla-obszarow-nr-i-ii-we-wsi-kajetany-dz-ew-245-1-do-245-8-247-1-do-247-3-247-5-oraz-247-6?nobreakup#pliki_4583",Ogłoszenie o wyłożeniu do publicznego wglądu projektu MPZP dla obszaru Nr II we wsi Kajetany w Gminie Nadarzyn z dnia 15.01.2025r,Ogłoszenie_o_wyłożeniu_Kajetany_obszar-II.pdf(PDF),,"https://bip.nadarzyn.pl/plik,20008,ogloszenie-o-wylozeniu-kajetany-obszar-ii-pdf.pdf",2025-01-15,2025-01-15,
"https://bip.nadarzyn.pl/1053,rok-2025?tresc=18157#akapit_7469",Uchwały Rady Gminy Nadarzyn podjęte na XV Sesji,Uchwały Rady Gminy Nadarzyn podjęte na XV Sesji,"Wykaz uchwał z XV sesji z dnia 27 sierpnia 2025 r. Uchwała Nr XV.293.2025 w sprawie szczegółowych warunków i trybu przyznawania nagród za osiągnięcia w dziedzinie twórczości artystycznej,...",,2025-09-04,,
"https://bip.nadarzyn.pl/88,zawiadomienia-o-zwolaniu-sesji?tresc=18129#akapit_7457",Zawiadomienie o zwołaniu Sesji Rady Gminy Nadarzyn,Zawiadomienie o zwołaniu Sesji Rady Gminy Nadarzyn,"Na podstawie art. 20 ust. 1 ustawy z dnia 8 marca 1990 r. o samorządzie gminnym /tj. Dz. U. z 2024, poz. 1465, 1572, 1907, 1940/ zwołuję XV Sesję Rady Gminy Nadarzyn na dzień 27 sierpnia 2025 r...",,2025-08-22,,2025-08-22
"https://bip.nadarzyn.pl/1048,wybory-prezydenta-rp-18-maja-2025-r?nobreakup#plik_20752",Postanowienie Nr 183/2025 Komisarza Wyborczego w Warszawie II z dnia 25 kwietnia 2025 r. w sprawie powołania obwodowych komisji wyborczych w gminie Nadarzyn,Postanowienie Nr 183/2025(PDF),POSTANOWIENIE NR 183 2025 Komisarza Wyborczego w Warszawie II z dnia 25 kwietnia 2025 r w sprawie powołania obwodowych komisji wyborczych w gminie Nadarzyn Na podstawie art 182 1 ustawy z dnia 5...,"https://bip.nadarzyn.pl/plik,20752,postanowienie-nr-183-2025.pdf",2025-04-28,,
"https://bip.nadarzyn.pl/994,mpzp-dla-obszarow-nr-i-ii-we-wsi-kajetany-dz-ew-245-1-do-245-8-247-1-do-247-3-247-5-oraz-247-6?nobreakup#plik_20630",Projekt uchwały wraz z załącznikami – do uchwalenia,uzasadnienie plan Kajetany obszar II.pdf(PDF),UZASADNIENIE do uchwały w sprawie uchwalenia miejscowego planu zagospodarowania przestrzennego dla Obszaru Nr II we wsiKajetanyw Gminie Nadarzyn Prace nad miejscowym planem zagospodarowania...,"https://bip.nadarzyn.pl/plik,20630,uzasadnienie-plan-kajetany-obszar-ii-pdf.pdf",2025-04-23,2025-04-23,
"https://bip.nadarzyn.pl/1053,rok-2025?tresc=17454#plik_20292",Uchwały Rady Gminy Nadarzyn podjęte na IX Sesji,Uchwała_nr_IX_184_2025.pdf(PDF),Uchwała Nr IX 184 2025 Rady Gminy Nadarzyn z dnia 28 stycznia 2025 r w sprawie wyrażenia zgody na obciążenie odpłatną służebnością przesyłu nieruchomości stanowiących własność Gminy...,"https://bip.nadarzyn.pl/plik,20292,uchwala-nr-ix-184-2025-pdf.pdf",2025-02-11,,
"https://bip.nadarzyn.pl/88,zawiadomienia-o-zwolaniu-sesji?tresc=17356#plik_20169",Zawiadomienie o zwołaniu Sesji Rady Gminy Nadarzyn,projekt_uchwały_(16).pdf(PDF),PROJEKT Uchwała nr Rady Gminy Nadarzyn z dnia r w sprawie wyrażenia zgody na obciążenie odpłatną służebnością przesyłu nieruchomości stanowiących własność Gminy Nadarzyn Na podstawie...,"https://bip.nadarzyn.pl/plik,20169,projekt-uchwaly-16-pdf.pdf",2025-01-23,,2025-01-23
"https://bip.nadarzyn.pl/1053,rok-2025?tresc=17846#plik_20780",Uchwały Rady Gminy Nadarzyn podjęte na XII Sesji,Uchwała_nr_XII_229_2025_uzasadnienie.pdf(PDF),UZASADNIENIE do uchwały w sprawie uchwalenia miejscowego planu zagospodarowania przestrzennego dla Obszaru Nr II we wsiKajetanyw Gminie Nadarzyn Prace nad miejscowym planem zagospodarowania...,"https://bip.nadarzyn.pl/plik,20780,uchwala-nr-xii-229-2025-uzasadnienie-pdf.pdf",2025-05-09,,
"https://bip.nadarzyn.pl/994,mpzp-dla-obszarow-nr-i-ii-we-wsi-kajetany-dz-ew-245-1-do-245-8-247-1-do-247-3-247-5-oraz-247-6?nobreakup#plik_20629",Projekt uchwały wraz z załącznikami – do uchwalenia,projekt planu Kajetany obszar II.pdf(PDF),projekt w sprawie uchwalenia miejscowego planu zagospodarowania przestrzennego dla Obszaru Nr II we wsiKajetanyw Gminie Nadarzyn Na podstawie art 18 ust 2 pkt 5 ustawy z dnia 8 marca 1990 r o samorz,"https://bip.nadarzyn.pl/plik,20629,projekt-planu-kajetany-obszar-ii-pdf.pdf",2025-04-23,2025-04-23,
"https://bip.nadarzyn.pl/1053,rok-2025?tresc=17454#plik_20277",Uchwały Rady Gminy Nadarzyn podjęte na IX Sesji,Uchwała_nr_IX_175_2025.pdf(PDF),Uchwała Nr IX 175 2025 Rady Gminy Nadarzyn z dnia 28 stycznia 2025 r zmieniająca uchwałę w sprawie przystąpienia do sporządzenia miejscowego planu zagospodarowania przestrzennego dla Obszarów...,"https://bip.nadarzyn.pl/plik,20277,uchwala-nr-ix-175-2025-pdf.pdf",2025-02-11,,
"https://bip.nadarzyn.pl/88,zawiadomienia-o-zwolaniu-sesji?tresc=17356#plik_20154",Zawiadomienie o zwołaniu Sesji Rady Gminy Nadarzyn,projekt_uchwały_(7).pdf(PDF),PROJEKT UCHWAŁA Nr sesoocoocowne 2025 Rady Gminy Nadarzyn Z dnia s222200000 2025 r zmieniająca uchwałę w sprawie przystąpienia do sporządzenia miejscowego planu zagospodarowania przestrzennego...,"https://bip.nadarzyn.pl/plik,20154,projekt-uchwaly-7-pdf.pdf",2025-01-23,,2025-01-23
"https://bip.nadarzyn.pl/994,mpzp-dla-obszarow-nr-i-ii-we-wsi-kajetany-dz-ew-245-1-do-245-8-247-1-do-247-3-247-5-oraz-247-6?nobreakup#plik_20079",Wyłożenie do publicznego wglądu projektu MPZP dla obszaru II we wsi Kajetany w Gminie Nadarzyn w dniach od 23.01.2025r. do 14.02.2025 r.,04_Uzasadnienie_mpzp_Kajetany_obszar_II[wyłożenie].pdf(PDF),UZASADNIENIE do uchwały w sprawie uchwalenia miejscowego planu zagospodarowania przestrzennego dla Obszaru Nr II we wsiKajetanyw Gminie Nadarzyn Prace nad miejscowym planem zagospodarowania...,"https://bip.nadarzyn.pl/plik,20079,04-uzasadnienie-mpzp-kajetany-obszar-ii-wylozenie-pdf.pdf",2025-01-23,2025-01-23,
"https://bip.nadarzyn.pl/959,rok-2024?tresc=17340#plik_20036",Uchwały Rady Gminy Nadarzyn podjęte na VIII Sesji,Uchwała_nr_VIII_165_2024_zał_nr_1.pdf(PDF),ZAŁĄCZNIK NR 1 CZĘŚĆ OPISOWA DO UCHWAŁY NR VIII 165 2024 RADY GMINY NADARZYN z dnia 23 grudnia 2024 r w sprawie zmiany obszaru i granic aglomeracji Nadarzyn AGLOMERACJA NADARZYN SPIS TREŚCI 1...,"https://bip.nadarzyn.pl/plik,20036,uchwala-nr-viii-165-2024-zal-nr-1-pdf.pdf",2025-01-21,,2025-01-21
"https://bip.nadarzyn.pl/1053,rok-2025?tresc=18157#plik_21336",Uchwały Rady Gminy Nadarzyn podjęte na XV Sesji,Uchwała_nr_XV_320_2025.pdf(PDF),Uchwała Nr XV 320 2025 Rady Gminy Nadarzyn z dnia 27 sierpnia 2025 r w sprawie wyrażenia zgody na zawarcie w trybie bezprzetargowym umowy dzierżawy nieruchomości stanowiących własność Gminy...,"https://bip.nadarzyn.pl/plik,21336,uchwala-nr-xv-320-2025-pdf.pdf",2025-09-04,,
"https://bip.nadarzyn.pl/1053,rok-2025?tresc=18157#plik_21323",Uchwały Rady Gminy Nadarzyn podjęte na XV Sesji,Uchwała_nr_XV_307_2025.pdf(PDF),Uchwała Nr XV 307 2025 Rady Gminy Nadarzyn z dnia 27 sierpnia 2025 r w sprawie wyrażenia zgody na zawarcie w trybie bezprzetargowym umowy dzierżawy nieruchomości stanowiących własność Gminy...,"https://bip.nadarzyn.pl/plik,21323,uchwala-nr-xv-307-2025-pdf.pdf",2025-09-04,,
"https://bip.nadarzyn.pl/88,zawiadomienia-o-zwolaniu-sesji?tresc=18129#plik_21259",Zawiadomienie o zwołaniu Sesji Rady Gminy Nadarzyn,projekt_uchwały_(34).pdf(PDF),PROJEKT Uchwała nr Rady Gminy Nadarzyn z dnia r w sprawie wyrażenia zgody na zawarcie w trybie bezprzetargowym umowy dzierżawy nieruchomości stanowiących własność Gminy Nadarzyn Na podstawie...,"https://bip.nadarzyn.pl/plik,21259,projekt-uchwaly-34-pdf.pdf",2025-08-22,,2025-08-22
"https://bip.nadarzyn.pl/88,zawiadomienia-o-zwolaniu-sesji?tresc=18129#plik_21246",Zawiadomienie o zwołaniu Sesji Rady Gminy Nadarzyn,projekt_uchwały_(21).pdf(PDF),PROJEKT Uchwała nr Rady Gminy Nadarzyn z dnia r w sprawie wyrażenia zgody na zawarcie w trybie bezprzetargowym umowy dzierżawy nieruchomości stanowiących własność Gminy Nadarzyn Na podstawie...,"https://bip.nadarzyn.pl/plik,21246,projekt-uchwaly-21-pdf.pdf",2025-08-22,,2025-08-22
"https://bip.nadarzyn.pl/73,komunikaty-i-ogloszenia?nobreakup#plik_21128",Zawiadomienie Wójta Gminny Nadarzyn z dnia 25.07.2025,Zawiadomienie Wójta Gminy Nadarzyn z dnia 25.07.2025 (ROŚ.6220.17.2024.DSZ.14)(PDF),WÓJT GMINY NADARZYN ul Mszczonowska 24 05 830 Nadarzyn Nadarzyn dnia 25 07 2025 r ROŚ 6220 17 2024 DSZ 14 ZAWIADOMIENIE Działając na podstawie art 10 1 i art 49 ustawy z dnia 14 czerwca 1960...,"https://bip.nadarzyn.pl/plik,21128,zawiadomienie-wojta-gminy-nadarzyn-z-dnia-25-07-2025-ros-6220-17-2024-dsz-14.pdf",2025-07-25,2025-07-25,
"https://bip.nadarzyn.pl/1053,rok-2025?tresc=17846#plik_20779",Uchwały Rady Gminy Nadarzyn podjęte na XII Sesji,Uchwała_nr_XII_229_2025.pdf(PDF),Uchwała Nr XII 229 2025 Rady Gminy Nadarzyn z dnia 30 kwietnia 2025 r w sprawie uchwalenia miejscowego planu zagospodarowania przestrzennego dla Obszaru Nr II we wsiKajetanyw Gminie Nadarzyn Na...,"https://bip.nadarzyn.pl/plik,20779,uchwala-nr-xii-229-2025-pdf.pdf",2025-05-09,,
"https://bip.nadarzyn.pl/88,zawiadomienia-o-zwolaniu-sesji?tresc=17805#plik_20737",Zawiadomienie o zwołaniu Sesji Rady Gminy Nadarzyn,projekt_uchwały_(9).pdf(PDF),projekt Uchwała Nr Rady Gminy Nadarzyn z dnia w sprawie uchwalenia miejscowego planu zagospodarowania przestrzennego dla Obszaru Nr II we wsiKajetanyw Gminie Nadarzyn Na podstawie art 18 ust 2 pkt...,"https://bip.nadarzyn.pl/plik,20737,projekt-uchwaly-9-pdf.pdf",2025-04-25,,
"https://bip.nadarzyn.pl/1053,rok-2025?tresc=17802#plik_20664",Uchwały Rady Gminy Nadarzyn podjęte na X Sesji,Uchwała_nr_X_204_2025.pdf(PDF),Uchwała Nr X 204 2025 Rady Gminy Nadarzyn z dnia 27 lutego 2025 r w sprawie wyrażenia zgody na zawarcie w trybie bezprzetargowym umowy dzierżawy nieruchomości stanowiących własność Gminy...,"https://bip.nadarzyn.pl/plik,20664,uchwala-nr-x-204-2025-pdf.pdf",2025-04-25,,
"https://bip.nadarzyn.pl/88,zawiadomienia-o-zwolaniu-sesji?tresc=17491#plik_20364",Zawiadomienie o zwołaniu Sesji Rady Gminy Nadarzyn,projekt_uchwały_(18).pdf(PDF),PROJEKT Uchwała nr Rady Gminy Nadarzyn z dnia r w sprawie wyrażenia zgody na zawarcie w trybie bezprzetargowym umowy dzierżawy nieruchomości stanowiących własność Gminy Nadarzyn Na podstawie...,"https://bip.nadarzyn.pl/plik,20364,projekt-uchwaly-18-pdf.pdf",2025-02-21,,2025-02-21
"https://bip.nadarzyn.pl/1053,rok-2025?tresc=17454#akapit_7138",Uchwały Rady Gminy Nadarzyn podjęte na IX Sesji,Uchwały Rady Gminy Nadarzyn podjęte na IX Sesji,Uchwała Nr IX.175.2025 zmieniająca uchwałę w sprawie przystąpienia do sporządzenia miejscowego planu zagospodarowania przestrzennego dla Obszarów Nr I i II we wsiKajetanyw Gminie Nadarzyn...,,2025-02-11,,
"https://bip.nadarzyn.pl/88,zawiadomienia-o-zwolaniu-sesji?tresc=17356#akapit_7081",Zawiadomienie o zwołaniu Sesji Rady Gminy Nadarzyn,Zawiadomienie o zwołaniu Sesji Rady Gminy Nadarzyn,"Na podstawie art. 20 ust. 1 ustawy z dnia 8 marca 1990 r. o samorządzie gminnym /tj. Dz. U. z 2024, poz. 1465, 1572, 1907, 1940/ zwołuję IX Sesję Rady Gminy Nadarzyn na dzień 28 stycznia 2025 r...",,2025-01-23,,2025-01-23
"https://bip.nadarzyn.pl/497,rejestr-umow?nobreakup#plik_20648",Rejestr umów - stan na dzień 31.03.2025 r.,Rejestr umów - stan na dzień 31.03.2025 r.(PDF),Lp Numer umowy m Te mln realizacji Przedmiot zamówienia Kwota brutto ARAM SOFTWARE SPÓŁKA Z 1 USC 2025 ą Data zawarcia umowy Kontrahent OGRANICZONĄ ODPOWIEDZIALNOŚCIĄ Aleje erozolimskie 200 236...,"https://bip.nadarzyn.pl/plik,20648,rejestr-umow-stan-na-dzien-31-03-2025-r.pdf",2025-04-24,,
"https://bip.nadarzyn.pl/994,mpzp-dla-obszarow-nr-i-ii-we-wsi-kajetany-dz-ew-245-1-do-245-8-247-1-do-247-3-247-5-oraz-247-6?nobreakup#plik_20008",Ogłoszenie o wyłożeniu do publicznego wglądu projektu MPZP dla obszaru Nr II we wsi Kajetany w Gminie Nadarzyn z dnia 15.01.2025r,Ogłoszenie_o_wyłożeniu_Kajetany_obszar-II.pdf(PDF),Nadarzyn dnia 15 stycznia 2025 r OGŁOSZENIE o wyłożeniu do publicznego wglądu projektu miejscowego planu zagospodarowania przestrzennego dla Obszaru Nr II we wsiKajetanyw Gminie Nadarzyn Na...,"https://bip.nadarzyn.pl/plik,20008,ogloszenie-o-wylozeniu-kajetany-obszar-ii-pdf.pdf",2025-01-15,2025-01-15,
"https://bip.nadarzyn.pl/34,organizacje?nobreakup#akapit_562",Lista organizacji pozarządowych,Lista organizacji pozarządowych,"1. Stowarzyszenie na Rzecz Dzieci i Osób Niepełnosprawnych „SZLAKIEM TĘCZY”Kajetany, ul. Karola Łoniewskiego 11, 05-830 Nadarzyn tel. 793 003 898 e-mail: szlakiemteczy@nadarzyn.pl...",,2014-03-07,2014-03-07,2025-09-17
"https://bip.nadarzyn.pl/1053,rok-2025?tresc=18041#akapit_7417",Uchwały Rady Gminy Nadarzyn podjęte na XIV Sesji,Uchwały Rady Gminy Nadarzyn podjęte na XIV Sesji,Wykaz uchwał z XIV sesji z dnia 30 czerwca 2025 r. Uchwała Nr XIV.256.2025 w sprawie w sprawie uchwalenia miejscowego planu zagospodarowania przestrzennego dla wsi Parole w Gminie Nadarzyn dla...,,2025-07-14,,
"https://bip.nadarzyn.pl/88,zawiadomienia-o-zwolaniu-sesji?tresc=18005#akapit_7402",Zawiadomienie o zwołaniu Sesji Rady Gminy Nadarzyn,Zawiadomienie o zwołaniu Sesji Rady Gminy Nadarzyn,"Na podstawie art. 20 ust. 1 ustawy z dnia 8 marca 1990 r. o samorządzie gminnym /tj. Dz. U. z 2024, poz. 1465, 1572, 1907, 1940/ zwołuję XIV Sesję Rady Gminy Nadarzyn na dzień 30 czerwca 2025 r...",,2025-06-25,,
"https://bip.nadarzyn.pl/1053,rok-2025?tresc=17802#akapit_7296",Uchwały Rady Gminy Nadarzyn podjęte na X Sesji,Uchwały Rady Gminy Nadarzyn podjęte na X Sesji,Wykaz uchwał z X sesji RG z dnia 27.02.2025 r. Uchwała Nr X.197.2025 w sprawie zmiany statutu Nadarzyńskiego Ośrodka Kultury. Uchwała Nr X.198.2025 w sprawie utworzenia i przystąpienia przez...,,2025-04-25,,
"https://bip.nadarzyn.pl/88,zawiadomienia-o-zwolaniu-sesji?tresc=17491#akapit_7147",Zawiadomienie o zwołaniu Sesji Rady Gminy Nadarzyn,Zawiadomienie o zwołaniu Sesji Rady Gminy Nadarzyn,"Na podstawie art. 20 ust. 1 ustawy z dnia 8 marca 1990 r. o samorządzie gminnym /tj. Dz. U. z 2024, poz. 1465, 1572, 1907, 1940/ zwołuję X Sesję Rady Gminy Nadarzyn na dzień 27 lutego 2025 r...",,2025-02-21,,2025-02-21
"https://bip.nadarzyn.pl/1053,rok-2025?tresc=18157#plik_21334",Uchwały Rady Gminy Nadarzyn podjęte na XV Sesji,Uchwała_nr_XV_318_2025.pdf(PDF),Uchwała Nr XV 318 2025 Rady Gminy Nadarzyn z dnia 27 sierpnia 2025 r w sprawie wyrażenia zgody na zawarcie w trybie bezprzetargowym umowy dzierżawy nieruchomości stanowiącej własność Gminy...,"https://bip.nadarzyn.pl/plik,21334,uchwala-nr-xv-318-2025-pdf.pdf",2025-09-04,,
"https://bip.nadarzyn.pl/1053,rok-2025?tresc=18157#plik_21337",Uchwały Rady Gminy Nadarzyn podjęte na XV Sesji,Uchwała_nr_XV_321_2025.pdf(PDF),Uchwała Nr XV 321 2025 Rady Gminy Nadarzyn z dnia 27 sierpnia 2025 r w sprawie wyrażenia zgody na zawarcie w trybie bezprzetargowym umowy dzierżawy części nieruchomości stanowiących własność...,"https://bip.nadarzyn.pl/plik,21337,uchwala-nr-xv-321-2025-pdf.pdf",2025-09-04,,
"https://bip.nadarzyn.pl/1053,rok-2025?tresc=18157#plik_21318",Uchwały Rady Gminy Nadarzyn podjęte na XV Sesji,Uchwała_nr_XV_302_2025.pdf(PDF),Uchwała Nr XV 302 2025 Rady Gminy Nadarzyn z dnia 27 sierpnia 2025 r w sprawie wyrażenia zgody na obciążenie odpłatną służebnością przesyłu części nieruchomości stanowiącej własność...,"https://bip.nadarzyn.pl/plik,21318,uchwala-nr-xv-302-2025-pdf.pdf",2025-09-04,,
"https://bip.nadarzyn.pl/73,komunikaty-i-ogloszenia?nobreakup#plik_21282",Obwieszczenie Wójta Gminy Nadarzyn z dnia 26.08.2025,Obwieszczenie Wójta Gminy Nadarzyn z dnia 26.08.2025 (ROŚ.6220.12.2025.DSZ.1)(PDF),Wójt Gminy Nadarzyn Nadarzyn dnia 26 08 2025 r ul Mszczonowska 24 05 830 Nadarzyn ROŚ 6220 12 2025 DSZ 1 OBWIESZCZENIE Na podstawie art 10 I art 61 1 oraz 4 ustawy z dnia 14 czerwca 1960 r Kodeks...,"https://bip.nadarzyn.pl/plik,21282,obwieszczenie-wojta-gminy-nadarzyn-z-dnia-26-08-2025-ros-6220-12-2025-dsz-1.pdf",2025-08-26,,
"https://bip.nadarzyn.pl/88,zawiadomienia-o-zwolaniu-sesji?tresc=18129#plik_21257",Zawiadomienie o zwołaniu Sesji Rady Gminy Nadarzyn,projekt_uchwały_(32).pdf(PDF),PROJEKT Uchwała nr Rady Gminy Nadarzyn z dnia r w sprawie wyrażenia zgody na zawarcie w trybie bezprzetargowym umowy dzierżawy nieruchomości stanowiącej własność Gminy Nadarzyn Na podstawie...,"https://bip.nadarzyn.pl/plik,21257,projekt-uchwaly-32-pdf.pdf",2025-08-22,,2025-08-22
"https://bip.nadarzyn.pl/88,zawiadomienia-o-zwolaniu-sesji?tresc=18129#plik_21260",Zawiadomienie o zwołaniu Sesji Rady Gminy Nadarzyn,projekt_uchwały_(35).pdf(PDF),PROJEKT Uchwała nr Rady Gminy Nadarzyn z dnia r w sprawie wyrażenia zgody na zawarcie w trybie bezprzetargowym umowy dzierżawy części nieruchomości stanowiących własność Gminy Nadarzyn Na...,"https://bip.nadarzyn.pl/plik,21260,projekt-uchwaly-35-pdf.pdf",2025-08-22,,2025-08-22
"https://bip.nadarzyn.pl/88,zawiadomienia-o-zwolaniu-sesji?tresc=18129#plik_21241",Zawiadomienie o zwołaniu Sesji Rady Gminy Nadarzyn,projekt_uchwały_(16).pdf(PDF),PROJEKT Uchwała nr Rady Gminy Nadarzyn z dnia r w sprawie wyrażenia zgody na obciążenie odpłatną służebnością przesyłu części nieruchomości stanowiącej własność Gminy Nadarzyn Na...,"https://bip.nadarzyn.pl/plik,21241,projekt-uchwaly-16-pdf.pdf",2025-08-22,,2025-08-22
"https://bip.nadarzyn.pl/73,komunikaty-i-ogloszenia?nobreakup#plik_21092",Obwieszczenie Wójta Gminy Nadarzyn z dnia 18.07.2025 r.,Obwieszczenie o wydaniu dec. nr 10_2025 Centrum przetwarzania danych Kajetany.pdf(PDF),WÓJT GMINY NADARZYN Nadarzyn dnia 18 07 2025 r ul Mszczonowska 24 05 830 Nadarzyn ROŚ 6220 23 2024 DSZ 9 OBWIESZCZENIE WOJTA GMINY NADARZYN Działając na podstawie art 10 1 i art 49 ustawy z dnia...,"https://bip.nadarzyn.pl/plik,21092,obwieszczenie-o-wydaniu-dec-nr-10-2025-centrum-przetwarzania-danych-kajetany-pdf.pdf",2025-07-18,,
"https://bip.nadarzyn.pl/1053,rok-2025?tresc=18041#plik_21058",Uchwały Rady Gminy Nadarzyn podjęte na XIV Sesji,Uchwała_nr_XIV_275_2025.pdf(PDF),Uchwała Nr XIV 275 2025 Rady Gminy Nadarzyn z dnia 30 czerwca 2025 r w sprawie wyrażenia zgody na obciążenie odpłatną służebnością przesyłu nieruchomości stanowiącej własność Gminy...,"https://bip.nadarzyn.pl/plik,21058,uchwala-nr-xiv-275-2025-pdf.pdf",2025-07-14,,
"https://bip.nadarzyn.pl/1053,rok-2025?tresc=18041#plik_21059",Uchwały Rady Gminy Nadarzyn podjęte na XIV Sesji,Uchwała_nr_XIV_276_2025.pdf(PDF),Uchwała Nr XIV 276 2025 Rady Gminy Nadarzyn z dnia 30 czerwca 2025 r w sprawie wyrażenia zgody na obciążenie odpłatną służebnością przesyłu części nieruchomości stanowiącej własność...,"https://bip.nadarzyn.pl/plik,21059,uchwala-nr-xiv-276-2025-pdf.pdf",2025-07-14,,
"https://bip.nadarzyn.pl/88,zawiadomienia-o-zwolaniu-sesji?tresc=18005#plik_20980",Zawiadomienie o zwołaniu Sesji Rady Gminy Nadarzyn,projekt_uchwały_(28).pdf(PDF),PROJEKT Uchwała nr Rady Gminy Nadarzyn z dnia r w sprawie wyrażenia zgody na obciążenie odpłatną służebnością przesyłu nieruchomości stanowiącej własność Gminy Nadarzyn Na podstawie...,"https://bip.nadarzyn.pl/plik,20980,projekt-uchwaly-28-pdf.pdf",2025-06-25,,
"https://bip.nadarzyn.pl/88,zawiadomienia-o-zwolaniu-sesji?tresc=18005#plik_20981",Zawiadomienie o zwołaniu Sesji Rady Gminy Nadarzyn,projekt_uchwały_(29).pdf(PDF),PROJEKT Uchwała nr Rady Gminy Nadarzyn z dnia r w sprawie wyrażenia zgody na obciążenie odpłatną służebnością przesyłu części nieruchomości stanowiącej własność Gminy Nadarzyn Na...,"https://bip.nadarzyn.pl/plik,20981,projekt-uchwaly-29-pdf.pdf",2025-06-25,,
"https://bip.nadarzyn.pl/88,zawiadomienia-o-zwolaniu-sesji?tresc=17805#plik_20739",Zawiadomienie o zwołaniu Sesji Rady Gminy Nadarzyn,projekt_uchwały_(9)_zał_nr_1.pdf(PDF),MIEJSCOWY PLAN ZAGOSPODAROWANIA PRZESTRZENNEGO DLA OBSZARU NR II WE WSIKAJETANYW GMINIE NADARZYN SKALA 1 1 000 0 5 10 20 30 40 ZAŁĄCZNIK NR 1 DO UCHWAŁY NR RADY GMINY NADARZYN z dnia r 119 3 50 m...,"https://bip.nadarzyn.pl/plik,20739,projekt-uchwaly-9-zal-nr-1-pdf.pdf",2025-04-25,,
"https://bip.nadarzyn.pl/1053,rok-2025?tresc=17802#plik_20663",Uchwały Rady Gminy Nadarzyn podjęte na X Sesji,Uchwała_nr_X_203_2025.pdf(PDF),Uchwała Nr X 203 2025 Rady Gminy Nadarzyn z dnia 27 lutego 2025 r w sprawie wyrażenia zgody na zawarcie w trybie bezprzetargowym umowy dzierżawy części nieruchomości stanowiącej własność...,"https://bip.nadarzyn.pl/plik,20663,uchwala-nr-x-203-2025-pdf.pdf",2025-04-25,,
"https://bip.nadarzyn.pl/994,mpzp-dla-obszarow-nr-i-ii-we-wsi-kajetany-dz-ew-245-1-do-245-8-247-1-do-247-3-247-5-oraz-247-6?nobreakup#plik_20626",Projekt uchwały wraz z załącznikami – do uchwalenia,Zał-01_Rysunek_planu_Kajetany_obszar_II[uchwalenie].pdf(PDF),MIEJSCOWY PLAN ZAGOSPODAROWANIA PRZESTRZENNEGO DLA OBSZARU NR II WE WSIKAJETANYW GMINIE NADARZYN SKALA 1 1 000 0 5 10 20 30 40 ZAŁĄCZNIK NR 1 DO UCHWAŁY NR RADY GMINY NADARZYN z dnia r 119 3 50 m...,"https://bip.nadarzyn.pl/plik,20626,zal-01-rysunek-planu-kajetany-obszar-ii-uchwalenie-pdf.pdf",2025-04-23,2025-04-23,
"https://bip.nadarzyn.pl/994,mpzp-dla-obszarow-nr-i-ii-we-wsi-kajetany-dz-ew-245-1-do-245-8-247-1-do-247-3-247-5-oraz-247-6?nobreakup#plik_20525",Protokół z dyskusji publicznej nad rozwiązaniami przyjętymi w projekcie miejscowego planu zagospodarowania przestrzennego dla Obszaru Nr II we wsi Kajetany w Gminie Nadarzyn wraz z prognozą oddziaływania na środowisko,Protokół z dyskusji publicznej obszar II.pdf(PDF),PROTOKÓŁ z dyskusji publicznej nad rozwiązaniami przyjętymi w projekcie miejscowego planu zagospodarowania przestrzennego dla Obszaru Nr II we wsiKajetanyw Gminie Nadarzyn wraz z prognozą...,"https://bip.nadarzyn.pl/plik,20525,protokol-z-dyskusji-publicznej-obszar-ii-pdf.pdf",2025-03-25,,
"https://bip.nadarzyn.pl/73,komunikaty-i-ogloszenia?nobreakup#plik_20476",Wykaz nieruchomości przeznaczonych do oddania w dzierżawę,wykaz nieruchomości  - dzierżawa 19.03.2025 r. - 09.04.2025 r_.pdf(PDF),WYKAZ nieruchomości przeznaczonych do oddania w dzierżawę Zgodnie z art 35 ust 1 ustawy z dnia 21 sierpnia 1997 r o gospodarce nieruchomościami t j Dz U z 2024 r poz 1145 ze zm Wójt Gminy...,"https://bip.nadarzyn.pl/plik,20476,wykaz-nieruchomosci-dzierzawa-19-03-2025-r-09-04-2025-r-pdf.pdf",2025-03-19,,
"https://bip.nadarzyn.pl/88,zawiadomienia-o-zwolaniu-sesji?tresc=17491#plik_20363",Zawiadomienie o zwołaniu Sesji Rady Gminy Nadarzyn,projekt_uchwały_(17).pdf(PDF),PROJEKT Uchwała nr Rady Gminy Nadarzyn z dnia r w sprawie wyrażenia zgody na zawarcie w trybie bezprzetargowym umowy dzierżawy części nieruchomości stanowiącej własność Gminy Nadarzyn Na...,"https://bip.nadarzyn.pl/plik,20363,projekt-uchwaly-17-pdf.pdf",2025-02-21,,2025-02-21
"https://bip.nadarzyn.pl/1053,rok-2025?tresc=17454#plik_20289",Uchwały Rady Gminy Nadarzyn podjęte na IX Sesji,Uchwała_nr_IX_181_2025.pdf(PDF),Uchwała Nr IX 181 2025 Rady Gminy Nadarzyn z dnia 28 stycznia 2025 r w sprawie wyrażenia zgody na obciążenie odpłatną służebnością przesyłu nieruchomości stanowiącej własność Gminy...,"https://bip.nadarzyn.pl/plik,20289,uchwala-nr-ix-181-2025-pdf.pdf",2025-02-11,,
"https://bip.nadarzyn.pl/88,zawiadomienia-o-zwolaniu-sesji?tresc=17356#plik_20166",Zawiadomienie o zwołaniu Sesji Rady Gminy Nadarzyn,projekt_uchwały_(13).pdf(PDF),PROJEKT Uchwała nr Rady Gminy Nadarzyn z dnia r w sprawie wyrażenia zgody na obciążenie odpłatną służebnością przesyłu nieruchomości stanowiącej własność Gminy Nadarzyn Na podstawie...,"https://bip.nadarzyn.pl/plik,20166,projekt-uchwaly-13-pdf.pdf",2025-01-23,,2025-01-23
"https://bip.nadarzyn.pl/1053,rok-2025?tresc=17940#akapit_7370",Uchwały Rady Gminy Nadarzyn podjęte na XIII Sesji,Uchwały Rady Gminy Nadarzyn podjęte na XIII Sesji,Wykaz uchwał z XIII sesji z dnia 29 maja 2025 r. Uchwała Nr XIII.241.2025 w sprawie zmiany uchwały nr XVI.215.2019 Rady Gminy Nadarzyn z dnia 27 listopada 2019 r. w sprawie przyjęcia regulaminów...,,2025-06-05,,
"https://bip.nadarzyn.pl/88,zawiadomienia-o-zwolaniu-sesji?tresc=17884#akapit_7339",Zawiadomienie o zwołaniu Sesji Rady Gminy Nadarzyn,Zawiadomienie o zwołaniu Sesji Rady Gminy Nadarzyn,"Na podstawie art. 20 ust. 1 ustawy z dnia 8 marca 1990 r. o samorządzie gminnym /tj. Dz. U. z 2024, poz. 1465, 1572, 1907, 1940/ zwołuję XIII Sesję Rady Gminy Nadarzyn na dzień 29 maja 2025 r...",,2025-05-23,,
"https://bip.nadarzyn.pl/1053,rok-2025?tresc=17846#akapit_7317",Uchwały Rady Gminy Nadarzyn podjęte na XII Sesji,Uchwały Rady Gminy Nadarzyn podjęte na XII Sesji,Wykaz uchwał z XII sesji RG z dnia 30.04.2025 r. Uchwała Nr XII.227.2025 w sprawie wniesienia skargi na rozstrzygnięcie nadzorcze Wojewody Mazowieckiego. Uchwała Nr XII.228.2025 w sprawie...,,2025-05-09,,
"https://bip.nadarzyn.pl/88,zawiadomienia-o-zwolaniu-sesji?tresc=17805#akapit_7298",Zawiadomienie o zwołaniu Sesji Rady Gminy Nadarzyn,Zawiadomienie o zwołaniu Sesji Rady Gminy Nadarzyn,"Na podstawie art. 20 ust. 1 ustawy z dnia 8 marca 1990 r. o samorządzie gminnym /tj. Dz. U. z 2024, poz. 1465, 1572, 1907, 1940/ zwołuję XII Sesję Rady Gminy Nadarzyn na dzień 30 kwietnia 2025 r...",,2025-04-25,,
"https://bip.nadarzyn.pl/88,zawiadomienia-o-zwolaniu-sesji?tresc=18194#plik_21415",Zawiadomienie o zwołaniu Sesji Rady Gminy Nadarzyn,projekt_uchwały_(18)_zał_nr_3.pdf(PDF),Załącznik nr 3 do Uchwały Nr Rady Gminy Nadarzyn z dnia Zmiana Tabeli nr 3 Plan wydatków majątkowych do uchwały budżetowej na 2025 r Dział 600 Rozdział Paragraf 60013 Drogi publiczne...,"https://bip.nadarzyn.pl/plik,21415,projekt-uchwaly-18-zal-nr-3-pdf.pdf",2025-09-19,,2025-09-23
"https://bip.nadarzyn.pl/88,zawiadomienia-o-zwolaniu-sesji?tresc=18194#plik_21412",Zawiadomienie o zwołaniu Sesji Rady Gminy Nadarzyn,projekt_uchwały_(18)_uzasadnienie.pdf(PDF),Uzasadnienie do zmian Uchwały budżetowej na rok 2025 wprowadzonych Uchwałą Nr Rady Gminy Nadarzyn w dniu Zmiany w planie dochodów Dział 010 Rolnictwo i łowiectwo w rozdziale 01095 zwiększono...,"https://bip.nadarzyn.pl/plik,21412,projekt-uchwaly-18-uzasadnienie-pdf.pdf",2025-09-19,,2025-09-23
"https://bip.nadarzyn.pl/73,komunikaty-i-ogloszenia?nobreakup#plik_21171",Obwieszczenie Wójta Gminy Nadarzyn z dnia 21.08.2025,Obwieszczenie o wpłynięciu i przekazaniu odwołania do SKO.pdf(PDF),WÓJT GMINY NADARZYN Nadarzyn dnia 21 08 2025 r ul Mszczonowska 24 05 830 Nadarzyn ROŚ 6220 23 2024 DSZ 11 OBWIESZCZENIE Na podstawie art 10 1 oraz art 49 ustawy z dnia 14 czerwca 1960 r Kodeks...,"https://bip.nadarzyn.pl/plik,21171,obwieszczenie-o-wplynieciu-i-przekazaniu-odwolania-do-sko-pdf.pdf",2025-08-22,,
"https://bip.nadarzyn.pl/497,rejestr-umow?nobreakup#plik_21099",Rejestr umów - stan na dzień 31.06.2025 r.,rejestr_umów.pdf(PDF),L p Numer umowy 217 GG 217 2025 Kontrahent ASG Wioletta Wojdyła Ul 218 GGJ218 2025 2kowi aodódaje REGON 141529168 Data zawarcia umowy realizacji EUR Przedmiot zamówienia 2025 04 01 2025 04 01...,"https://bip.nadarzyn.pl/plik,21099,rejestr-umow-pdf.pdf",2025-07-21,,
"https://bip.nadarzyn.pl/73,komunikaty-i-ogloszenia?nobreakup#plik_20919",Obwieszczenie Wójta Gminy Nadarzyn z dnia 6.06.2025,obwieszczenie o zebranych materiałach ROŚ.6220.23.2024.pdf(PDF),Wójt Gminy Nadarzyn Nadarzyn dnia 06 06 2025 r ul Mszczonowska 24 05 830 Nadarzyn ROŚ 6220 23 2024 DSZ 7 OBWIESZCZENIE Na podstawie przepisów art 10 1 art 49 w związku z art 106 2 ustawy z dnia 14...,"https://bip.nadarzyn.pl/plik,20919,obwieszczenie-o-zebranych-materialach-ros-6220-23-2024-pdf.pdf",2025-06-09,,
"https://bip.nadarzyn.pl/1053,rok-2025?tresc=17940#plik_20894",Uchwały Rady Gminy Nadarzyn podjęte na XIII Sesji,Uchwała_nr_XIII_244_2025.pdf(PDF),Uchwała Nr XIII 244 2025 Rady Gminy Nadarzyn z dnia 29 maja 2025 r w sprawie wyrażenia zgody na obciążenie odpłatną służebnością przesyłu części nieruchomości stanowiącej własność...,"https://bip.nadarzyn.pl/plik,20894,uchwala-nr-xiii-244-2025-pdf.pdf",2025-06-05,,
"https://bip.nadarzyn.pl/88,zawiadomienia-o-zwolaniu-sesji?tresc=17884#plik_20841",Zawiadomienie o zwołaniu Sesji Rady Gminy Nadarzyn,projekt_uchwały_(10).pdf(PDF),PROJEKT Uchwała nr Rady Gminy Nadarzyn z dnia r w sprawie wyrażenia zgody na obciążenie odpłatną służebnością przesyłu części nieruchomości stanowiącej własność Gminy Nadarzyn Na...,"https://bip.nadarzyn.pl/plik,20841,projekt-uchwaly-10-pdf.pdf",2025-05-23,,
"https://bip.nadarzyn.pl/1053,rok-2025?tresc=17846#plik_20792",Uchwały Rady Gminy Nadarzyn podjęte na XII Sesji,Uchwała_nr_XII_237_2025_załącznik.pdf(PDF),Ocena zasobów pomocy społecznej za 2024 rok Autorzy Krystyna Masłowska SPIS TREŚCI STRONA 1 Wprowadzenie 2 Dane o sytuacji demograficznej i społecznej 3 3 3 Dane o korzystających z pomocy i...,"https://bip.nadarzyn.pl/plik,20792,uchwala-nr-xii-237-2025-zalacznik-pdf.pdf",2025-05-09,,
"https://bip.nadarzyn.pl/88,zawiadomienia-o-zwolaniu-sesji?tresc=17805#plik_20723",Zawiadomienie o zwołaniu Sesji Rady Gminy Nadarzyn,projekt_uchwały_(17)_załącznik.pdf(PDF),Ocena zasobów pomocy społecznej za 2024 rok Autorzy Krystyna Masłowska SPIS TREŚCI STRONA 1 Wprowadzenie 2 Dane o sytuacji demograficznej i społecznej 3 3 3 Dane o korzystających z pomocy i...,"https://bip.nadarzyn.pl/plik,20723,projekt-uchwaly-17-zalacznik-pdf.pdf",2025-04-25,,
"https://bip.nadarzyn.pl/1048,wybory-prezydenta-rp-18-maja-2025-r?nobreakup#plik_20608",Obwieszczenie Wójta Gminy Nadarzyn z dnia 11 kwietnia 2025 roku,obwieszczenie_o_obwodach_142105.pdf(PDF),O B W I E S Z C Z E N I E WÓJTA GMINY NADARZYN z dnia 11 kwietnia 2025 roku Na podstawie art 16 1 ustawy z dnia 5 stycznia 2011 r Kodeks wyborczy Dz U z 2025 r poz 365 Wójt Gminy Nadarzyn podaje do...,"https://bip.nadarzyn.pl/plik,20608,obwieszczenie-o-obwodach-142105-pdf.pdf",2025-04-15,,
"https://bip.nadarzyn.pl/1047,rok-2025?tresc=17720#plik_20572",Zarządzenie Nr 27/2025,Informacja z wykonania budżetu  za 2024 Zał Nr 1.pdf(PDF),Załącznik Nr 1 do Zarządzenia Nr 27 2025 Wójta Gminy Nadarzyn z dnia 27 marca 2025 r Informacja ogólna o wykonaniu budżetu Gminy Nadarzyn według stanu na 31 grudnia 2024 roku Na podstawie art...,"https://bip.nadarzyn.pl/plik,20572,informacja-z-wykonania-budzetu-za-2024-zal-nr-1-pdf.pdf",2025-04-03,,
"https://bip.nadarzyn.pl/994,mpzp-dla-obszarow-nr-i-ii-we-wsi-kajetany-dz-ew-245-1-do-245-8-247-1-do-247-3-247-5-oraz-247-6?nobreakup#plik_20536",Wykaz uwag zgłoszonych do wyłożonego do publicznego wglądu projektu MPZP dla Obszaru Nr II we wsi Kajetany w Gminie Nadarzyn,Wykaz uwag (skan).pdf(PDF),WYKAZ UWAG zgłoszonych do wyłożonego do publicznego wglądu projektu miejscowego planu zagospodarowania przestrzennego dla Obszaru Nr II we wsiKajetanyw Gminie Nadarzyn tennin wyłożenia od 23...,"https://bip.nadarzyn.pl/plik,20536,wykaz-uwag-skan-pdf.pdf",2025-03-26,,
"https://bip.nadarzyn.pl/1053,rok-2025?tresc=17454#plik_20314",Uchwały Rady Gminy Nadarzyn podjęte na IX Sesji,Uchwała_nr_IX_175_2025_zał.pdf(PDF),Załącznik do Uchwały Nr Nr IX 175 2025 Rady Gminy Nadarzyn z dnia 28 stycznia 2025r zmieniającej uchwałę w sprawie przystapienia do sporządzenia miejscowego planu zagospodarowania...,"https://bip.nadarzyn.pl/plik,20314,uchwala-nr-ix-175-2025-zal-pdf.pdf",2025-02-11,,
"https://bip.nadarzyn.pl/1053,rok-2025?tresc=17454#plik_20301",Uchwały Rady Gminy Nadarzyn podjęte na IX Sesji,Uchwała_nr_IX_192_2025_zał_nr_1.pdf(PDF),Załącznik Nr 1 Do Uchwały Nr IX 192 2025 Rady Gminy Nadarzyn z dnia 28 stycznia 2025 r Plan Rozwoju Lokalnego Koncepcja smart village dla Gminy Nadarzyn Nadarzyn październik 2024 r Plan Rozwoju...,"https://bip.nadarzyn.pl/plik,20301,uchwala-nr-ix-192-2025-zal-nr-1-pdf.pdf",2025-02-11,,
"https://bip.nadarzyn.pl/88,zawiadomienia-o-zwolaniu-sesji?tresc=17356#plik_20178",Zawiadomienie o zwołaniu Sesji Rady Gminy Nadarzyn,projekt_uchwały_(24)_załącznik.pdf(PDF),Plan Rozwoju Lokalnego Koncepcja smart village dla Gminy Nadarzyn Nadarzyn październik 2024 r Plan Rozwoju Lokalnego Koncepcja smart village dla Gminy Nadarzyn Spis treści Rozdział I Wprowadzenie 3...,"https://bip.nadarzyn.pl/plik,20178,projekt-uchwaly-24-zalacznik-pdf.pdf",2025-01-23,,2025-01-23
"https://bip.nadarzyn.pl/88,zawiadomienia-o-zwolaniu-sesji?tresc=17356#plik_20155",Zawiadomienie o zwołaniu Sesji Rady Gminy Nadarzyn,projekt_uchwały_(7)_załącznik.pdf(PDF),Załącznik do Uchwały Nr Rady Gminy Nadarzyn z dnia 2 2 zmieniającej uchwałę w sprawie przystapienia do sporządzenia miejscowego planu zagospodarowania przestrzennego dla Obszarów Ii II we wsi...,"https://bip.nadarzyn.pl/plik,20155,projekt-uchwaly-7-zalacznik-pdf.pdf",2025-01-23,,2025-01-23
"https://bip.nadarzyn.pl/73,komunikaty-i-ogloszenia?nobreakup#plik_20065",Obwieszczenie Wójta Gminy Nadarzyn z dnia 21 stycznia 2025 r.,Obwieszczenie Wójta Gminy Nadarzyn z dnia 21 stycznia 2025 r. (ROŚ.6220.23.2024.DSZ.1)(PDF),Wójt Gminy Nadarzyn Nadarzyn dnia 21 01 2025 r ul Mszczonowska 24 05 830 Nadarzyn ROŚ 6220 23 2024 DSZ 1 OBWIESZCZENIE Na podstawie art 10 I art 61 1 oraz 4 ustawy z dnia 14 czerwca 1960 r Kodeks...,"https://bip.nadarzyn.pl/plik,20065,obwieszczenie-wojta-gminy-nadarzyn-z-dnia-21-stycznia-2025-r-ros-6220-23-2024-dsz-1.pdf",2025-01-21,,
"https://bip.nadarzyn.pl/959,rok-2024?tresc=17340#plik_20038",Uchwały Rady Gminy Nadarzyn podjęte na VIII Sesji,Uchwała_nr_VIII_166_2024.pdf(PDF),za organ stanowiący Jacek Żukowski Kopia z dokumentu podpisanego elektronicznie wygenerowana dnia 2024 12 30 Strona 1 z 27 z tego z tego w tym w tym Wyszczególnienie dochody z tytułu udziału we...,"https://bip.nadarzyn.pl/plik,20038,uchwala-nr-viii-166-2024-pdf.pdf",2025-01-21,,2025-01-21
"https://bip.nadarzyn.pl/959,rok-2024?tresc=17340#plik_20035",Uchwały Rady Gminy Nadarzyn podjęte na VIII Sesji,Uchwała_nr_VIII_165_2024.pdf(PDF),UCHWAŁA Nr VIII 165 2024 RADY GMINY NADARZYN z dnia 23 grudnia 2024 r w sprawie zmiany obszaru i granic aglomeracji Nadarzyn Na podstawie art 18 ust 2 pkt 15 ustawy z dnia 8 marca 1990 r o...,"https://bip.nadarzyn.pl/plik,20035,uchwala-nr-viii-165-2024-pdf.pdf",2025-01-21,,2025-01-21
"https://bip.nadarzyn.pl/1071,rok-2025?tresc=17946",Protokół z IX Sesji Rady Gminy Nadarzyn,Protokół z IX Sesji Rady Gminy Nadarzyn,,,2025-06-10,,
"https://bip.nadarzyn.pl/1071,rok-2025?tresc=18161",Protokół z XIV Sesji Rady Gminy Nadarzyn,Protokół z XIV Sesji Rady Gminy Nadarzyn,,,2025-09-08,,
"https://bip.nadarzyn.pl/1071,rok-2025?tresc=17949",Protokół z XII Sesji Rady Gminy Nadarzyn,Protokół z XII Sesji Rady Gminy Nadarzyn,,,2025-06-10,,
"https://bip.nadarzyn.pl/1071,rok-2025?tresc=17947",Protokół z X Sesji Rady Gminy Nadarzyn,Protokół z X Sesji Rady Gminy Nadarzyn,,,2025-06-10,,
"https://bip.nadarzyn.pl/1071,rok-2025?tresc=18160",Protokół z XIII Sesji Rady Gminy Nadarzyn,Protokół z XIII Sesji Rady Gminy Nadarzyn,,,2025-09-08,,
"https://bip.nadarzyn.pl/73,komunikaty-i-ogloszenia?nobreakup#plik_21461",Wykaz nieruchomości przeznaczonych do oddania w dzierżawę,wykaz nieruchomości  - dzierżawa 01.10.2025 - 22.10.2025 r_.pdf(PDF),WYKAZ nieruchomości przeznaczonych do oddania w dzierżawę Zgodnie z art 35 ust 1 ustawy z dnia 21 sierpnia 1997 r o gospodarce nieruchomościami t j Dz U z 2024 r poz 1145 ze zm Wójt Gminy...,"https://bip.nadarzyn.pl/plik,21461,wykaz-nieruchomosci-dzierzawa-01-10-2025-22-10-2025-r-pdf.pdf",2025-10-01,,
None,None,None,,,,,
"https://bip.nadarzyn.pl/73,komunikaty-i-ogloszenia?nobreakup#plik_21457",Obwieszczenie Wójta Gminy Nadarzyn z dnia 26.09.2025,Obwieszczenie Wójta Gminy Nadarzyn z dnia 26.09.2025 (ROŚ.6220.12.2025.DSZ.3)(PDF),Wójt Gminy Nadarzyn Nadarzyn dnia 26 09 2025 r ul Mszczonowska 24 05 830 Nadarzyn ROŚ 6220 12 2025 DSZ 3 OBWIESZCZENIE WOJTA GMINY NADARZYN Działając na podstawie at 10 1 i art 49 ustawy z dnia 14...,"https://bip.nadarzyn.pl/plik,21457,obwieszczenie-wojta-gminy-nadarzyn-z-dnia-26-09-2025-ros-6220-12-2025-dsz-3.pdf",2025-09-29,,
"https://bip.nadarzyn.pl/73,komunikaty-i-ogloszenia?nobreakup#plik_21456",Decyzja Wójta Gminy Nadarzyn Nr 15/2025,Decyzja_NR_15 (ROŚ.6220.12.2025.DSZ.2)(PDF),WÓJT GMINY NADARZYN Nadarzyn dnia 26 09 2025 r ul Mszczonowska 24 05 830 Nadarzyn ROŚ 6220 12 2025 DSZ 2 DECYZJA Nr 15 2025 Na podstawie art 105 1 ustawy z dnia 14 czerwca 1960 r Kodeks...,"https://bip.nadarzyn.pl/plik,21456,decyzja-nr-15-ros-6220-12-2025-dsz-2.pdf",2025-09-29,,
"https://bip.nadarzyn.pl/1053,rok-2025?tresc=18238#plik_21495",Uchwały Rady Gminy Nadarzyn podjęte na XVI Sesji,Uchwała_nr_XVI_351_2025_uzasadnienie.pdf(PDF),Uzasadnienie do zmian Uchwały budżetowej na rok 2025 wprowadzonych Uchwałą Nr XVI 351 2025 Rady Gminy Nadarzyn w dniu 24 września 2025 r Zmiany w planie dochodów Dział 010 Rolnictwo i...,"https://bip.nadarzyn.pl/plik,21495,uchwala-nr-xvi-351-2025-uzasadnienie-pdf.pdf",2025-10-06,,
"https://bip.nadarzyn.pl/1053,rok-2025?tresc=18238#plik_21498",Uchwały Rady Gminy Nadarzyn podjęte na XVI Sesji,Uchwała_nr_XVI_351_2025_zał_nr_3.pdf(PDF),Załącznik nr 3 do Uchwały Nr XVI 351 2025 Rady Gminy Nadarzyn z dnia 24 września 2025 r Zmiana Tabeli nr 3 Plan wydatków majątkowych do uchwały budżetowej na 2025 r Dział Rozdział Treść...,"https://bip.nadarzyn.pl/plik,21498,uchwala-nr-xvi-351-2025-zal-nr-3-pdf.pdf",2025-10-06,,
"https://bip.nadarzyn.pl/1047,rok-2025?tresc=18264#plik_21551",Zarządzenie Nr 92/2025,Zarzadzenie_nr_92_2025_-_zalacznik nr 1.pdf(PDF),CJ 60 21Kajetany25 B5916 0 85916 0 6a0 MU 312 MU 65 KUD 64 KUD 53 KUD 114 KUD 1727 MU 400 KD 61 700 ZD 211 35 257 541 3 548 1337 12 300 ZD 307 KDD 33 KDD 86 KDD 2 548 KDD 16 600 KDZ 472 KDD 2 818 KD,"https://bip.nadarzyn.pl/plik,21551,zarzadzenie-nr-92-2025-zalacznik-nr-1-pdf.pdf",2025-10-16,,
"https://bip.nadarzyn.pl/1047,rok-2025?tresc=18264#plik_21553",Zarządzenie Nr 92/2025,Zarzadzenie_nr_92_2025_-_zalacznik nr 3.pdf(PDF),29 3 48 4 51 2 54 3 57 10 58 9 59 10 60 10 60 11 60 20 60 21 60 22 6279 6372 63 12 63 13 65 11 65 13 65 16 65 19 16 600 400 65 Rosy 64 Rosy S3 Rosy 114 Rosy 1727 312 Poranka 600 Poranka 120 Poranka 56,"https://bip.nadarzyn.pl/plik,21553,zarzadzenie-nr-92-2025-zalacznik-nr-3-pdf.pdf",2025-10-16,,
"https://bip.nadarzyn.pl/88,zawiadomienia-o-zwolaniu-sesji?tresc=18300#plik_21595",Zawiadomienie o zwołaniu Sesji Rady Gminy Nadarzyn,projekt_uchwały_(14).pdf(PDF),PROJEKT Uchwała nr Rady Gminy Nadarzyn z dnia r w sprawie wyrażenia zgody na zawarcie w trybie bezprzetargowym umowy dzierżawy części nieruchomości stanowiącej własność Gminy Nadarzyn Na...,"https://bip.nadarzyn.pl/plik,21595,projekt-uchwaly-14-pdf.pdf",2025-10-24,,
"https://bip.nadarzyn.pl/88,zawiadomienia-o-zwolaniu-sesji?tresc=18300#akapit_7530",Zawiadomienie o zwołaniu Sesji Rady Gminy Nadarzyn,Zawiadomienie o zwołaniu Sesji Rady Gminy Nadarzyn,"Na podstawie art. 20 ust. 1 ustawy z dnia 8 marca 1990 r. o samorządzie gminnym /tj. Dz. U. z 2025, poz. 1153/ zwołuję XVII Sesję Rady Gminy Nadarzyn na dzień 30 października 2025 r. /czwartek/...",,2025-10-24,,
"https://bip.nadarzyn.pl/88,zawiadomienia-o-zwolaniu-sesji?tresc=18300#plik_21621",Zawiadomienie o zwołaniu Sesji Rady Gminy Nadarzyn,projekt_uchwały_(36)_zał_nr_3.pdf(PDF),Załącznik nr 3 do Uchwały Nr Rady Gminy Nadarzyn z dnia Zmiana Tabeli nr 3 Plan wydatków majątkowych do uchwały budżetowej na 2025 r Dział 600 752 754 801 Rozdział 60016 75295 75416 80101...,"https://bip.nadarzyn.pl/plik,21621,projekt-uchwaly-36-zal-nr-3-pdf.pdf",2025-10-24,,
"https://bip.nadarzyn.pl/88,zawiadomienia-o-zwolaniu-sesji?tresc=18300#plik_21618",Zawiadomienie o zwołaniu Sesji Rady Gminy Nadarzyn,projekt_uchwały_(36)_uzasadnienie.pdf(PDF),Uzasadnienie do zmian Uchwały budżetowej na rok 2025 wprowadzonych Uchwałą Nr Rady Gminy Nadarzyn w dniu Zmiany w planie dochodów Dział 700 Gospodarka mieszkaniowa w rozdziale 70005 zmniejszono...,"https://bip.nadarzyn.pl/plik,21618,projekt-uchwaly-36-uzasadnienie-pdf.pdf",2025-10-24,,
"https://bip.nadarzyn.pl/1071,rok-2025?tresc=18325",Protokół z XV Sesji Rady Gminy Nadarzyn,Protokół z XV Sesji Rady Gminy Nadarzyn,,,2025-11-04,,2025-11-04
"https://bip.nadarzyn.pl/1071,rok-2025?tresc=18161",Protokół z XIV Sesji Rady Gminy Nadarzyn,Protokół z XIV Sesji Rady Gminy Nadarzyn,,,2025-09-08,,2025-11-04
"https://bip.nadarzyn.pl/1071,rok-2025?tresc=18160",Protokół z XIII Sesji Rady Gminy Nadarzyn,Protokół z XIII Sesji Rady Gminy Nadarzyn,,,2025-09-08,,2025-11-04
"https://bip.nadarzyn.pl/1053,rok-2025?nobreakup#plik_21704",Pliki do pobrania:,Uchwała_nr_XVII_362_2025.pdf(PDF),Uchwała Nr XVII 362 2025 Rady Gminy Nadarzyn z dnia 30 października 2025 r w sprawie wyrażenia zgody na zawarcie w trybie bezprzetargowym umowy dzierżawy części nieruchomości stanowiącej...,"https://bip.nadarzyn.pl/plik,21704,uchwala-nr-xvii-362-2025-pdf.pdf",,,
"https://bip.nadarzyn.pl/1053,rok-2025?nobreakup#plik_21732",Pliki do pobrania:,Uchwała_nr_XVII_385_2025_zał_nr_3.pdf(PDF),Załącznik nr 3 do Uchwały Nr XVII 385 2025 Rady Gminy Nadarzyn z dnia 30 października 2025r Zmiana Tabeli nr 3 Plan wydatków majątkowych do uchwały budżetowej na 2025r Dział Treść Rozdział...,"https://bip.nadarzyn.pl/plik,21732,uchwala-nr-xvii-385-2025-zal-nr-3-pdf.pdf",,,
"https://bip.nadarzyn.pl/1053,rok-2025?nobreakup#plik_21729",Pliki do pobrania:,Uchwała_nr_XVII_385_2025_uzasadnienie.pdf(PDF),Uzasadnienie do zmian Uchwały budżetowej na rok 2025 wprowadzonych Uchwałą Nr XVII 385 2025 Rady Gminy Nadarzyn w dniu 30 października 2025 r Zmiany w planie dochodów Dział 700 Gospodarka...,"https://bip.nadarzyn.pl/plik,21729,uchwala-nr-xvii-385-2025-uzasadnienie-pdf.pdf",,,
"https://bip.nadarzyn.pl/918,mpzp-dla-obszarow-nr-i-ix-we-wsi-rusiec-i-dla-obszaru-nr-x-we-wsi-mlochow?nobreakup#plik_21682",Wyłożenie do publicznego wglądu projektu MPZP dla Obszarów Nr I-IX we wsi Rusiec i dla Obszaru Nr X we wsi Młochów w dniach od 13 listopada 2025 r. do 5 grudnia 2025 r.,Zał-04_Rysunek_planu_Rusiec-Młochów _obszar-V[wyłożenie]_ocred.pdf(PDF),MIEJSCOWY PLAN ZAGOSPODAROWANIA PRZESTRZENNEGO DLA OBSZAROÓW NR I IX WE WSI RUSIEC I DLA OBSZARU NR X WE WSI MŁOCHOW A SKALA 1 1 000 0 5 10 D 20 W GMINIE NADARZYN OBSZAR NR V 30 ZAŁĄCZNIK NR4 50...,"https://bip.nadarzyn.pl/plik,21682,zal-04-rysunek-planu-rusiec-mlochow-obszar-v-wylozenie-ocred-pdf.pdf",2025-11-12,2025-04-23,
"https://bip.nadarzyn.pl/1053,rok-2025?tresc=18354",Uchwały Rady Gminy Nadarzyn podjęte na XVII Sesji,Uchwały Rady Gminy Nadarzyn podjęte na XVII Sesji,,,2025-11-12,,
"https://bip.nadarzyn.pl/918,mpzp-dla-obszarow-nr-i-ix-we-wsi-rusiec-i-dla-obszaru-nr-x-we-wsi-mlochow?nobreakup#plik_21682",Wyłożenie do publicznego wglądu projektu MPZP dla Obszarów Nr I-IX we wsi Rusiec i dla Obszaru Nr X we wsi Młochów w dniach od 13 listopada 2025 r. do 5 grudnia 2025 r.,Zał-04_Rysunek_planu_Rusiec-Młochów _obszar-V[wyłożenie]_ocred.pdf(PDF),MIEJSCOWY PLAN ZAGOSPODAROWANIA PRZESTRZENNEGO DLA OBSZAROÓW NR I IX WE WSI RUSIEC I DLA OBSZARU NR X WE WSI MŁOCHOW A SKALA 1 1 000 0 5 10 D 20 W GMINIE NADARZYN OBSZAR NR V 30 ZAŁĄCZNIK NR4 50...,"https://bip.nadarzyn.pl/plik,21682,zal-04-rysunek-planu-rusiec-mlochow-obszar-v-wylozenie-ocred-pdf.pdf",2025-11-12,2025-11-12,2025-11-13
"https://bip.nadarzyn.pl/1053,rok-2025?tresc=18354#plik_21704",Uchwały Rady Gminy Nadarzyn podjęte na XVII Sesji,Uchwała_nr_XVII_362_2025.pdf(PDF),Uchwała Nr XVII 362 2025 Rady Gminy Nadarzyn z dnia 30 października 2025 r w sprawie wyrażenia zgody na zawarcie w trybie bezprzetargowym umowy dzierżawy części nieruchomości stanowiącej...,"https://bip.nadarzyn.pl/plik,21704,uchwala-nr-xvii-362-2025-pdf.pdf",2025-11-12,,
"https://bip.nadarzyn.pl/1053,rok-2025?tresc=18354#akapit_7558",Uchwały Rady Gminy Nadarzyn podjęte na XVII Sesji,Uchwały Rady Gminy Nadarzyn podjęte na XVII Sesji,Uchwała Nr XVII.355.2025 w sprawie szczegółowych warunków przyznawania usług wsparcia krótkoterminowego świadczonego w formie dziennej i w formie pobytu całodobowego oraz warunki odpłatności...,,2025-11-12,,
"https://bip.nadarzyn.pl/1053,rok-2025?tresc=18354#plik_21732",Uchwały Rady Gminy Nadarzyn podjęte na XVII Sesji,Uchwała_nr_XVII_385_2025_zał_nr_3.pdf(PDF),Załącznik nr 3 do Uchwały Nr XVII 385 2025 Rady Gminy Nadarzyn z dnia 30 października 2025r Zmiana Tabeli nr 3 Plan wydatków majątkowych do uchwały budżetowej na 2025r Dział Treść Rozdział...,"https://bip.nadarzyn.pl/plik,21732,uchwala-nr-xvii-385-2025-zal-nr-3-pdf.pdf",2025-11-12,,
"https://bip.nadarzyn.pl/1053,rok-2025?tresc=18354#plik_21729",Uchwały Rady Gminy Nadarzyn podjęte na XVII Sesji,Uchwała_nr_XVII_385_2025_uzasadnienie.pdf(PDF),Uzasadnienie do zmian Uchwały budżetowej na rok 2025 wprowadzonych Uchwałą Nr XVII 385 2025 Rady Gminy Nadarzyn w dniu 30 października 2025 r Zmiany w planie dochodów Dział 700 Gospodarka...,"https://bip.nadarzyn.pl/plik,21729,uchwala-nr-xvii-385-2025-uzasadnienie-pdf.pdf",2025-11-12,,
"https://bip.nadarzyn.pl/88,zawiadomienia-o-zwolaniu-sesji?tresc=18411#plik_21838",Zawiadomienie o zwołaniu Sesji Rady Gminy Nadarzyn,projekt_uchwały_(30)_zał_nr_1.pdf(PDF),Załącznik nr 1 Do Uchwały nr Rady Gminy Nadarzyn z dnia Wykaz przystanków komunikacyjnych których właścicielem lub zarządzającym jest Gmina Nadarzyn Lp Numer drogi Nazwa przystanku...,"https://bip.nadarzyn.pl/plik,21838,projekt-uchwaly-30-zal-nr-1-pdf.pdf",2025-11-21,,
"https://bip.nadarzyn.pl/88,zawiadomienia-o-zwolaniu-sesji?tresc=18411#plik_21815",Zawiadomienie o zwołaniu Sesji Rady Gminy Nadarzyn,projekt_uchwały_(16).pdf(PDF),PROJEKT Uchwała nr Rady Gminy Nadarzyn z dnia r w sprawie wyrażenia zgody na zawarcie w trybie bezprzetargowym umowy dzierżawy nieruchomości stanowiących własność Gminy Nadarzyn Na podstawie...,"https://bip.nadarzyn.pl/plik,21815,projekt-uchwaly-16-pdf.pdf",2025-11-21,,
"https://bip.nadarzyn.pl/88,zawiadomienia-o-zwolaniu-sesji?tresc=18411#akapit_7574",Zawiadomienie o zwołaniu Sesji Rady Gminy Nadarzyn,Zawiadomienie o zwołaniu Sesji Rady Gminy Nadarzyn,"Na podstawie art. 20 ust. 1 ustawy z dnia 8 marca 1990 r. o samorządzie gminnym /tj. Dz. U. z 2025, poz. 1153/ zwołuję XIX Sesję Rady Gminy Nadarzyn na dzień 26 listopada 2025 r. /środa/ na...",,2025-11-21,,
"https://bip.nadarzyn.pl/88,zawiadomienia-o-zwolaniu-sesji?tresc=18411#plik_21822",Zawiadomienie o zwołaniu Sesji Rady Gminy Nadarzyn,projekt_uchwały_(23).pdf(PDF),PROJEKT Uchwała nr Rady Gminy Nadarzyn z dnia r w sprawie wyrażenia zgody na obciążenie odpłatną służebnością przesyłu części nieruchomości stanowiących własność Gminy Nadarzyn Na...,"https://bip.nadarzyn.pl/plik,21822,projekt-uchwaly-23-pdf.pdf",2025-11-21,,
"https://bip.nadarzyn.pl/88,zawiadomienia-o-zwolaniu-sesji?tresc=18411#plik_21813",Zawiadomienie o zwołaniu Sesji Rady Gminy Nadarzyn,projekt_uchwały_(14).pdf(PDF),PROJEKT Uchwała nr Rady Gminy Nadarzyn z dnia r w sprawie wyrażenia zgody na zawarcie w trybie bezprzetargowym umowy dzierżawy części nieruchomości stanowiących własność Gminy Nadarzyn Na...,"https://bip.nadarzyn.pl/plik,21813,projekt-uchwaly-14-pdf.pdf",2025-11-21,,
"https://bip.nadarzyn.pl/497,rejestr-umow?nobreakup#plik_21860",Rejestr umów - stan na dzień 14.11.2025 r.,rejestr_umów.pdf(PDF),Data L p Numer umowy Kontrahent zawarcia umowy r ae gg i J Przedmiot zamówienia Kwota brutto 2025 07 09 Środki z przeznaczeniem na nagrody dla Funkcjonariuszy z Komisariatu Policji w Nadarzynie 40...,"https://bip.nadarzyn.pl/plik,21860,rejestr-umow-pdf.pdf",2025-11-26,,
"https://bip.nadarzyn.pl/1053,rok-2025?tresc=18456#plik_21941",Uchwały Rady Gminy Nadarzyn podjęte na XIX Sesji,Uchwała_nr_XIX_411_2025_zał_nr_1.pdf(PDF),Załącznik nr 1 do Uchwały Nr XIX 411 2025 Rady Gminy Nadarzyn z dnia 26 listopada 2025 r Wykaz przystanków komunikacyjnych których właścicielem lub zarządzającym jest Gmina Nadarzyn Lp Numer...,"https://bip.nadarzyn.pl/plik,21941,uchwala-nr-xix-411-2025-zal-nr-1-pdf.pdf",2025-12-05,,
"https://bip.nadarzyn.pl/1053,rok-2025?tresc=18456#plik_21917",Uchwały Rady Gminy Nadarzyn podjęte na XIX Sesji,Uchwała_nr_XIX_397_2025.pdf(PDF),Uchwała Nr XIX 397 2025 Rady Gminy Nadarzyn z dnia 26 listopada 2025 r w sprawie wyrażenia zgody na zawarcie w trybie bezprzetargowym umowy dzierżawy nieruchomości stanowiących własność Gminy...,"https://bip.nadarzyn.pl/plik,21917,uchwala-nr-xix-397-2025-pdf.pdf",2025-12-05,,
"https://bip.nadarzyn.pl/1053,rok-2025?tresc=18456#akapit_7598",Uchwały Rady Gminy Nadarzyn podjęte na XIX Sesji,Uchwały Rady Gminy Nadarzyn podjęte na XIX Sesji,Wykaz uchwał z XIX sesji z dnia 26 listopada 2025 r. Uchwała Nr XIX.388.2025 w sprawie nadania nazwy ulicy we wsi Urzut /ul. Pokątna/.  Uchwała Nr XIX.389.2025 w sprawie nadania nazwy ulicy we...,,2025-12-05,,
"https://bip.nadarzyn.pl/1053,rok-2025?tresc=18456#plik_21924",Uchwały Rady Gminy Nadarzyn podjęte na XIX Sesji,Uchwała_nr_XIX_404_2025.pdf(PDF),Uchwała Nr XIX 404 2025 Rady Gminy Nadarzyn z dnia 26 listopada 2025 r w sprawie wyrażenia zgody na obciążenie odpłatną służebnością przesyłu części nieruchomości stanowiących...,"https://bip.nadarzyn.pl/plik,21924,uchwala-nr-xix-404-2025-pdf.pdf",2025-12-05,,
"https://bip.nadarzyn.pl/1053,rok-2025?tresc=18456#plik_21915",Uchwały Rady Gminy Nadarzyn podjęte na XIX Sesji,Uchwała_nr_XIX_395_2025.pdf(PDF),Uchwała Nr XIX 395 2025 Rady Gminy Nadarzyn z dnia 26 listopada 2025 r w sprawie wyrażenia zgody na zawarcie w trybie bezprzetargowym umowy dzierżawy części nieruchomości stanowiących...,"https://bip.nadarzyn.pl/plik,21915,uchwala-nr-xix-395-2025-pdf.pdf",2025-12-05,,
"https://bip.nadarzyn.pl/73,komunikaty-i-ogloszenia?nobreakup#plik_21979",Wykaz nieruchomości przeznaczonych do oddania w dzierżawę,wykaz nieruchomości  - dzierżawa 10.12.2025 - 31.12.2025.pdf(PDF),WYKAZ nieruchomości przeznaczonych do oddania w dzierżawę Zgodnie z art 35 ust 1 ustawy z dnia 21 sierpnia 1997 r o gospodarce nieruchomościami t j Dz U z 2024 r poz 1145 ze zm Wójt Gminy...,"https://bip.nadarzyn.pl/plik,21979,wykaz-nieruchomosci-dzierzawa-10-12-2025-31-12-2025-pdf.pdf",2025-12-10,,
"https://bip.nadarzyn.pl/73,komunikaty-i-ogloszenia?nobreakup#plik_21976",Wykaz nieruchomości przeznaczonych do oddania w dzierżawę,wykaz nieruchomości  - dzierżawa od 10.12.pdf(PDF),WYKAZ nieruchomości przeznaczonych do oddania w dzierżawę Zgodnie z art 35 ust 1 ustawy z dnia 21 sierpnia 1997 r o gospodarce nieruchomościami t j Dz U z 2024 r poz 1145 ze zm Wójt Gminy...,"https://bip.nadarzyn.pl/plik,21976,wykaz-nieruchomosci-dzierzawa-od-10-12-pdf.pdf",2025-12-10,,
"https://bip.nadarzyn.pl/1071,rok-2025?tresc=18496",Protokół z XVII Sesji Rady Gminy Nadarzyn,Protokół z XVII Sesji Rady Gminy Nadarzyn,,,2025-12-16,,
"https://bip.nadarzyn.pl/88,zawiadomienia-o-zwolaniu-sesji?tresc=18513#plik_22012",Zawiadomienie o zwołaniu Sesji Rady Gminy Nadarzyn,projekt_uchwały_(11).pdf(PDF),Projekt UCHWAŁA NR RADY GMINY NADARZYN z dnia w sprawie wyrażenia zgody na dokonanie na rzecz Powiatu Pruszkowskiego darowizny nieruchomości stanowiącej własność Gminy Nadarzyn położonej w...,"https://bip.nadarzyn.pl/plik,22012,projekt-uchwaly-11-pdf.pdf",2025-12-18,,
"https://bip.nadarzyn.pl/88,zawiadomienia-o-zwolaniu-sesji?tresc=18513#akapit_7621",Zawiadomienie o zwołaniu Sesji Rady Gminy Nadarzyn,Zawiadomienie o zwołaniu Sesji Rady Gminy Nadarzyn,"Na podstawie art. 20 ust. 1 ustawy z dnia 8 marca 1990 r. o samorządzie gminnym /tj. Dz. U. z 2025, poz. 1153/ zwołuję XX Sesję Rady Gminy Nadarzyn na dzień 23 grudnia 2025 r. /wtorek/ na godz...",,2025-12-18,,
"https://bip.nadarzyn.pl/88,zawiadomienia-o-zwolaniu-sesji?tresc=18513#plik_22021",Zawiadomienie o zwołaniu Sesji Rady Gminy Nadarzyn,projekt_uchwały_(20).pdf(PDF),PROJEKT Uchwała nr Rady Gminy Nadarzyn z dnia r w sprawie wyrażenia zgody na zawarcie w trybie bezprzetargowym umowy dzierżawy nieruchomości stanowiącej własność Gminy Nadarzyn Na podstawie...,"https://bip.nadarzyn.pl/plik,22021,projekt-uchwaly-20-pdf.pdf",2025-12-18,,
"https://bip.nadarzyn.pl/1053,rok-2025?tresc=18533#plik_22073",Uchwały Rady Gminy Nadarzyn podjęte na XX Sesji,Uchwała_nr_XX_421_2025.pdf(PDF),Uchwała Nr XX 421 2025 Rady Gminy Nadarzyn z dnia 23 grudnia 2025 r w sprawie wyrażenia zgody na dokonanie na rzecz Powiatu Pruszkowskiego darowizny nieruchomości stanowiącej własność Gminy...,"https://bip.nadarzyn.pl/plik,22073,uchwala-nr-xx-421-2025-pdf.pdf",2025-12-31,,
"https://bip.nadarzyn.pl/1053,rok-2025?tresc=18533#akapit_7627",Uchwały Rady Gminy Nadarzyn podjęte na XX Sesji,Uchwały Rady Gminy Nadarzyn podjęte na XX Sesji,Wykaz uchwał z XX sesji z dnia 23 grudnia 2025 r. Uchwała Nr XX.417.2025 w sprawie rozpatrzenia skargi na działanie Dyrektora Gminnego Ośrodka Pomocy Społecznej w Nadarzynie.  Uchwała Nr...,,2025-12-31,,
"https://bip.nadarzyn.pl/1053,rok-2025?tresc=18533#plik_22082",Uchwały Rady Gminy Nadarzyn podjęte na XX Sesji,Uchwała_nr_XX_430_2025.pdf(PDF),Uchwała Nr XX 430 2025 Rady Gminy Nadarzyn z dnia 23 grudnia 2025 r w sprawie wyrażenia zgody na zawarcie w trybie bezprzetargowym umowy dzierżawy nieruchomości stanowiącej własność Gminy...,"https://bip.nadarzyn.pl/plik,22082,uchwala-nr-xx-430-2025-pdf.pdf",2025-12-31,,
"https://bip.nadarzyn.pl/73,komunikaty-i-ogloszenia?nobreakup#plik_22152",Wykaz nieruchomości przeznaczonej do zbycia w formie darowizny,Wykaz nieruchomości przeznaczonej do zbycia w formie darowizny - dz. 809(4 Wolica.pdf(PDF),GG 6846 2 2024 BWB GG 6846 1 2025 BWB GG 6846 2 2025 BWB WYKAZ nieruchomości stanowiących własność Gminy Nadarzyn przeznaczonych do zbycia w formie darowizny Zgodnie z art 35 ust 1 ustawy z dnia...,"https://bip.nadarzyn.pl/plik,22152,wykaz-nieruchomosci-przeznaczonej-do-zbycia-w-formie-darowizny-dz-809-4-wolica-pdf.pdf",2026-01-14,,
"https://bip.nadarzyn.pl/73,komunikaty-i-ogloszenia?nobreakup#plik_22150",Wykaz nieruchomości przeznaczonych do oddania w dzierżawę,wykaz nieruchomości  - dzierżawa od 14.01.pdf(PDF),WYKAZ nieruchomości przeznaczonych do oddania w dzierżawę Zgodnie z art 35 ust 1 ustawy z dnia 21 sierpnia 1997 r o gospodarce nieruchomościami t j Dz U z 2024 r poz 1145 ze zm Wójt Gminy...,"https://bip.nadarzyn.pl/plik,22150,wykaz-nieruchomosci-dzierzawa-od-14-01-pdf.pdf",2026-01-13,,
"https://bip.nadarzyn.pl/88,zawiadomienia-o-zwolaniu-sesji?tresc=18613#plik_22183",Zawiadomienie o zwołaniu Sesji Rady Gminy Nadarzyn,projekt_uchwały_(11).pdf(PDF),PROJEKT Uchwała nr Rady Gminy Nadarzyn z dnia r w sprawie wyrażenia zgody na zawarcie w trybie bezprzetargowym umowy dzierżawy części nieruchomości stanowiących własność Gminy Nadarzyn Na...,"https://bip.nadarzyn.pl/plik,22183,projekt-uchwaly-11-pdf.pdf",2026-01-23,,
"https://bip.nadarzyn.pl/88,zawiadomienia-o-zwolaniu-sesji?tresc=18613#plik_22182",Zawiadomienie o zwołaniu Sesji Rady Gminy Nadarzyn,projekt_uchwały_(10).pdf(PDF),PROJEKT Uchwała nr Rady Gminy Nadarzyn z dnia r w sprawie wyrażenia zgody na zawarcie w trybie bezprzetargowym umowy dzierżawy części nieruchomości stanowiących własność Gminy Nadarzyn Na...,"https://bip.nadarzyn.pl/plik,22182,projekt-uchwaly-10-pdf.pdf",2026-01-23,,
"https://bip.nadarzyn.pl/88,zawiadomienia-o-zwolaniu-sesji?tresc=18613#plik_22191",Zawiadomienie o zwołaniu Sesji Rady Gminy Nadarzyn,projekt_uchwały_(19).pdf(PDF),PROJEKT Uchwała nr Rady Gminy Nadarzyn z dnia r w sprawie wyrażenia zgody na obciążenie odpłatną służebnością przesyłu części nieruchomości stanowiących własność Gminy Nadarzyn Na...,"https://bip.nadarzyn.pl/plik,22191,projekt-uchwaly-19-pdf.pdf",2026-01-23,,
"https://bip.nadarzyn.pl/88,zawiadomienia-o-zwolaniu-sesji?tresc=18613#akapit_7660",Zawiadomienie o zwołaniu Sesji Rady Gminy Nadarzyn,Zawiadomienie o zwołaniu Sesji Rady Gminy Nadarzyn,"Na podstawie art. 20 ust. 1 ustawy z dnia 8 marca 1990 r. o samorządzie gminnym /tj. Dz. U. z 2025, poz. 1153, 1436/ zwołuję XXI Sesję Rady Gminy Nadarzyn na dzień 28 stycznia 2026 r. /środa/ na...",,2026-01-23,,
